last_name,name_f,name_m
Swepstone,Carolin,Cherilyn
Dunlop,Edith,Estel
Havenhand,Kerstin,Randene
Jonah,Kristine,Clotilda
Orniz,Cristie,Andriette
Plumbley,Sashenka,Andeee
Dmiterko,Ingaborg,Cathrine
Thorald,Tessy,Francyne
Taffie,Marci,Karoly
McTrustie,Nanon,Faustine
Delacoste,Lillian,Toinette
Robecon,Brett,Belia
Kennon,Merrile,Joyan
Braithwaite,Lucy,Maegan
Pocklington,Maria,Eartha
Tonry,Kathi,Stella
Cowern,Torey,Katharyn
Skeel,Vinita,Phedra
Waterworth,Claudina,Constancia
Getcliff,Quintilla,Rose
Moorman,Max,Edyth
Ricioppo,Caren,Carmelia
McSperron,Natalina,Ruthie
Penrith,Margery,Franny
Hurworth,Caroljean,Karleen
Cottingham,Halli,Suki
Stonehewer,Norine,Doralynn
Solly,Marjy,Jeane
Abramovitch,Chris,Saloma
Brunicke,Alia,Deloris
Sones,Andriette,Netti
Ratlee,Aliza,Iseabal
Leworthy,Gwenore,Astrid
Petrillo,Molli,Faina
MacArte,Alvinia,Janene
Derrick,Nannie,Millisent
Miroy,Laurie,Stephie
Curnow,Alia,Nikoletta
Roumier,Pam,Donica
Nazer,Glori,Estella
Blazhevich,Corenda,Perry
Dyment,Katerina,Felipa
Beadles,Ilse,Cecilia
Turnell,Almeta,Marena
Freebury,Nadean,Brenna
Tregea,Cherise,Cassy
Banisch,Stefa,Nananne
Borthwick,Timmy,Blakelee
Killich,Anastasia,Bill
Mulbery,Elvina,Cairistiona
Bemwell,Verine,Adina
Clother,Nedi,Emmey
Eccleston,Tommi,Dniren
Messent,Myrtle,Monica
Dacey,Loren,Julietta
Lambirth,Rana,Wendy
Warden,Gabbi,Joli
Betke,Amara,Helga
Vannikov,Anita,Tamqrah
O'Hannay,Eimile,Kirbie
Warstall,Kaleena,Martha
Lincke,Gwendolyn,Dorothee
Hewins,Marthe,Rosie
Danigel,Dana,Caye
Heckney,Chrystal,Sofie
Francescone,Benetta,Felisha
Rudsdell,Koressa,Jemmie
Bursnell,Leila,Agatha
Spray,Alayne,Lorain
Towll,Jonie,Perry
Simms,Lavinie,Nissa
Moses,Jannelle,Monica
Garvey,Lois,Aurelie
Friedman,Wylma,Annmaria
Leynton,Kiersten,Emlyn
Comizzoli,Lise,Lyndsay
Towhey,Lyndsey,Marylynne
Schruyer,Jennifer,Paola
Lillie,Claudine,Kristine
Leith,Ameline,Lotti
Alekseicik,Jsandye,Randa
Learmount,Suzy,Fina
McTeer,Joann,Reina
Turrell,Melesa,Lindi
Rymmer,Lindsay,Reiko
Knuckles,Devina,Gwen
Petzolt,Andromache,Cathie
Milksop,Celesta,Sherri
Fox,Kai,Hillary
Skiplorne,Layla,Pansie
Shreenan,Deb,Belita
Burland,Ardelia,Pammi
Tottman,Saraann,Romona
Swetenham,Maureene,Vallie
Kitchingman,Ariela,Casey
Dionsetto,Jsandye,Ardisj
Ziemen,Kally,Lorelle
Benazet,Kizzee,Sibylle
Ovey,Engracia,Adiana
Penberthy,Kore,Cassie
Fullegar,Edy,Kirsti
Glennon,Loni,Priscilla
Gretham,Adda,Erinn
Argont,Shena,Sallyanne
Dewfall,Sioux,June
Brimson,Rodie,Elsy
Dewis,Charline,Tamra
Davidovitz,Christy,Ronna
Ruusa,Cristabel,Doroteya
Lundon,Herta,Merilee
Wycherley,Karina,Julienne
Lavarack,Netti,Viv
Heller,Shaylah,Natassia
Taggett,Maude,Blaire
Cristoforo,Kelila,Vivi
McGlone,Fidelia,Rebekah
Josselsohn,Koral,Arlene
Wilman,Madlen,Linea
Verma,Claudina,Nathalia
Cardenosa,Renata,Fredia
Claridge,Konstance,Nerty
Blackaller,Ange,Kaela
Audus,Chicky,Brittan
Feavers,Chloette,Suzann
Humpherston,Charmain,Leontine
Eliez,Ertha,Dorthy
McChruiter,Cthrine,Tobe
Benns,Jo-ann,Brynna
MacKnight,Geneva,Grata
Huetson,Jan,Alie
Dank,Ivette,Estrella
Shortcliffe,Shoshanna,Elfreda
Ciobotaro,Lorianna,Leelah
Wellman,Philis,Sue
Rehorek,Marilyn,Cindra
Arch,Perl,Ginelle
Weyland,Phedra,Ivonne
Needham,Caresse,Katharyn
Williams,Kelcie,Pearl
Wittey,Jeanelle,Rafaela
Fremantle,Kiri,Cosette
Bernardino,Flora,Jacquette
Pilmoor,Doroteya,Elizabet
Tittletross,Kriste,Helen-elizabeth
Maypowder,Clotilda,Joanne
Van der Beken,Sandye,Mommy
Bradshaw,Cayla,Lorne
Slimings,Yolande,Debora
Drayn,Gwenny,Lissy
Lockyear,Minnaminnie,Wrennie
Boundley,Bobinette,Pearline
Hestrop,Carree,Lesley
Houselee,Gerta,Micaela
Burrill,Shanie,Rois
Ascroft,Anatola,Charisse
Imlin,Rebeca,Amandie
Frier,Joane,Daphene
Brattan,Milli,Wilhelmine
Negus,Sofia,Marline
Demogeot,Lin,Lia
Brasse,Gussi,Tessie
Knibbs,Diane,Martina
Hallibone,Honey,Linnet
McNutt,Vikki,Tabatha
Press,Dana,Roxy
Bleue,Agneta,Tandie
Duffet,Mara,Alanah
Melland,Brina,Imogen
Towndrow,Jada,Grete
Adamthwaite,Myrtie,Theodora
Vallack,Kaia,Evelyn
Conner,Marianna,Mead
Stocken,Kyle,Sheila-kathryn
Boult,Cinnamon,Allix
Greet,Kellia,Anette
Boman,Becka,Dorolice
Tilbrook,Charlean,Karol
Deeves,Christye,Maggi
Mudd,Else,Bab
Flinn,Rosie,Sissie
Tutchings,Ninnetta,Shannon
Flea,Sonja,Eva
Pedersen,Danice,Brit
Huitt,Cathrine,Ysabel
Burrass,Sigrid,Ariel
Cubbini,Vonnie,Poppy
Dawid,Ramona,Sibyl
Crampsey,Eryn,Elberta
Amos,Melony,Eliza
Mence,Petrina,Suzette
Garvin,Dulcie,Dulcinea
Culvey,Jena,Michaeline
Balducci,Mamie,Cariotta
Piatek,Steffane,Melamie
Meates,Klarika,Tabitha
Deam,Guenevere,Tiena
Redsull,Lelah,Juliann
Truckell,Mathilde,Clementine
Sorensen,Margaret,Dulcea
Liebrecht,Zita,Reyna
Sibbons,Lizabeth,Mira
Shergold,Eudora,Aila
Luparto,Margeaux,Doria
Scay,Teddy,Hulda
Hancorn,Francoise,Caritta
Claricoates,Marlee,Maddi
Sambrok,Josepha,Trina
Toulson,Ki,Tallie
McGoldrick,Fanni,Martguerita
Duncan,Erda,Cyndy
Kinnoch,Loleta,Teodora
Auchterlonie,Kimbra,Amy
Beecheno,Amalita,Stesha
Dineen,Tarra,Corine
Fruchon,Donetta,Madel
Caddick,Veronica,Ruthann
Houliston,Vilma,Adina
Bysaker,Ag,Beckie
Reddings,Nixie,Fannie
Joselovitch,Yasmeen,Ailee
Skokoe,Corinne,Bliss
Whiteoak,Lainey,Libbey
Debling,Corrianne,Demeter
Prestner,Marina,Idalina
Edgell,Mellisa,Inge
Oswell,Janice,Deerdre
Gavahan,Lin,Audi
Lestrange,Alyda,Binny
Coombs,Zondra,Vi
Kliemke,Heddi,Hedda
Volkes,Halette,Cal
Bridgnell,Rasia,Haily
Syson,Caresse,Goldina
Heavyside,Concordia,Rachelle
Pain,Nanete,Gwenneth
Cornner,Therine,Milicent
Greenman,Andree,Selestina
Foyster,Shea,Leshia
Van Hove,Vicki,Bethina
Giocannoni,Vivyanne,Kelila
Milne,Lizzie,Junie
Albasini,Klara,Dorothea
Micheau,Merrielle,Basia
Matthis,Alis,Bessy
Kurdani,Anatola,Rosaline
Gainseford,Cate,Estrellita
Kosiada,Toby,Anette
Lawton,Trenna,Elinor
Linnitt,Elisha,Diahann
Hissie,Melesa,Jolynn
Vibert,Daisie,Karlie
Eddie,Annie,Kirsti
Crabbe,Caryn,Ashli
Waberer,Corina,Cassi
McPheat,Dominga,Benoite
Nerger,Cathi,Berthe
Duigan,Gretna,Felipa
Rickasse,Geraldine,Madel
Garnsey,Anthe,Danice
Greenhouse,Amber,Kat
Duignan,Denys,Martita
Macrae,Cynthy,Leese
Aspin,Verine,Gianna
Mendus,Gretchen,Martie
Frenchum,Dona,Roseann
Todari,Bea,Alyda
Ploughwright,Kelcie,Andie
Noyes,Neala,Clara
Pepperell,Darcy,Candi
Southern,Zora,Stephannie
Tomaini,Gilligan,Lily
Gajewski,Cinda,Desdemona
Van der Hoven,Tally,Dinah
Musto,Sybil,Linette
Adamkiewicz,Peria,Arlyn
Carlon,Laurene,Ivie
Stace,Wilmette,Elga
Paur,Rebekah,Elyn
Pedican,Imelda,Ann-marie
Antoniutti,Daisy,Tiffy
Cossins,Paula,Camellia
Seabridge,Modestine,Becca
Legendre,Suzette,Barbie
Tutt,Kacey,Kalli
Abbis,Gert,Erin
Huffadine,Chris,Pennie
Gaiger,Anne,Deirdre
Peplow,Kaitlynn,Hollie
Henderson,Dahlia,Verine
Berns,Marisa,Lucille
Wapple,Selinda,Poppy
Flecknell,Penelopa,Breena
Roxburgh,Roselin,Hilary
De Paepe,Lynea,Joyous
Sanderson,Hanni,Nesta
Rouby,Pavia,Annadiana
Roxbrough,Gertrude,Charity
Bocking,Darcy,Janelle
MacLese,Aubree,Babbette
Laurenceau,Daphna,Amara
Breffitt,Devi,Nora
Thewlis,Cory,Carola
Rospars,Ivory,Dannye
Eronie,Felita,Camilla
Trout,Adiana,Michal
Cavan,Chere,Rina
Heasman,Lottie,Anallise
Giffon,Melloney,Cam
Zahor,Beatrix,Selena
McCully,Wenona,Rayna
Flowerden,Gwenni,Steffie
Manifould,Janeta,Kimmy
Gold,Layne,Harlene
Hundley,Marilyn,Giuditta
Waddilow,Kaela,Ramonda
Piggot,Matilde,Willa
Cornock,Frank,Rickie
Mertin,Lynna,Siusan
Paaso,Pamelina,Delcine
Bernetti,Sallie,Whitney
Brimblecombe,Vanessa,Nisse
Schrir,Nady,Elizabeth
Bottrell,Lauretta,Lilian
Lent,Blanche,Abigale
Pottinger,Silvia,Arluene
Imeson,Arlinda,Luciana
Kelmere,Yolanda,Sher
Tzuker,Dorothea,Leelah
Thowes,Hesther,Annice
Robrose,Renee,Amalle
Jendrys,Cherilynn,Eveline
Lahiff,Meade,Fianna
Panichelli,Kati,Beverlie
Negal,Elli,Dee dee
Lemarie,Karna,Luci
Rachuig,Agathe,Gayel
Linn,Claudette,Anthe
Stife,Nert,Idalia
Keener,Helen-elizabeth,Henriette
Hriinchenko,Cheri,Manon
Fairlam,Gussy,Dredi
Mannion,Jennica,Lanita
Gress,Christian,Cristy
Chrippes,Heida,Zonnya
Lydall,Cacilie,Regine
Girdlestone,Wilma,Alla
Keates,Lorrin,Shelia
O'Moylane,Averyl,Ceciley
Berg,Barry,Joyce
Dengate,Ursula,Petrina
McConville,Tallou,Astra
Allbones,Justinn,Alyss
Chiplin,Lynnet,Misti
Plaunch,Vonni,Winifred
Giacopazzi,Cherida,Jenica
Foggo,Jannelle,Elmira
Treharne,Angelina,Merlina
Hounsom,Diandra,Maurita
Stemson,Kattie,Gale
Mundwell,Amie,Doria
Brentnall,Griselda,Bethanne
Matissoff,Henrieta,Hyacinthie
Clayfield,Carlynn,Daron
Orviss,Merrill,Naomi
Kaufman,Rodie,Corene
Anfosso,Theodosia,Guenevere
Short,Jenny,Cathlene
Moir,Joscelin,Aurelia
Singers,Terese,Ambur
Eaken,Kelci,Em
Loblie,Norry,Gilda
Bamlett,Orelia,Karyl
Ledington,Sissie,Pen
Hembery,Roxy,Shawnee
Vost,Joelynn,Clarinda
Shovelin,Megen,Veriee
Ditch,Rochelle,Lorinda
Sicha,Matilde,Ellissa
Wooder,Daloris,Priscilla
Ugolotti,Ginnifer,Addia
Holdworth,Corey,Ingeberg
Guerola,Michaella,Cassandra
Stanwix,Larissa,Krissie
Mein,Agata,La verne
Djuricic,Ardyth,Darline
Capstick,Dehlia,Margery
Flipek,Jaquenette,Glenna
Grigorescu,Kalinda,Wini
Wallington,Karlee,Bibbye
De Haven,Bidget,Lezlie
Alp,Sascha,Letizia
Watling,Romonda,Benedikta
Westcot,Gabrila,Audra
Cleghorn,Cindie,Caprice
McOrkil,Elianora,Daphna
Schachter,Rhodia,Hyacinth
Robey,Darya,Yettie
Hawarden,Dawn,Lynnette
Loreit,Meg,Linnie
Littlechild,Jacquelin,Daryl
Buxsy,Lidia,Dinny
Whitelock,Siobhan,Vyky
Brunel,Ava,Billye
Leborgne,Glenda,Tallie
Remmers,Viviyan,Christi
Grigson,Tandy,Othella
Hebburn,Edwina,Virginia
McBlain,Kath,Myrilla
Giffen,Gusty,Kristien
Messitt,Amelia,Lissy
Heel,Belita,Lida
Kenrat,Mandi,Aigneis
Mityakov,Cal,Bessie
Romi,Amargo,Leola
Mauger,Abbi,Desirae
Matous,Katherine,Blondie
Gillivrie,Gayla,Abbe
Autin,Lebbie,Christi
Ablett,Fran,Leodora
Rutherforth,Quintina,Consuelo
Kerton,Linnet,Kriste
Reef,Alia,Danni
Bohey,Bird,Franciska
Gocher,Gena,Maude
Cains,Leese,Lynnelle
Shrigley,Christyna,Megen
Audrey,Lacy,Hilda
Bento,Kathi,Maud
Perigeaux,Lilia,Kerri
Fihelly,Leone,Eilis
Grigore,Shela,Ronna
Satcher,Trista,Shoshana
Lighterness,Anthea,Savina
Jansa,Cordelia,Noemi
Waycott,Carrie,Eleonore
MacManus,Shirlene,Kalie
Siney,Tedda,Meredith
Beurich,Emyle,Drusy
Freckelton,Darelle,Corie
Caris,Daffi,Midge
Menauteau,Corry,Ulla
Bromehead,Erin,Stevena
Rumney,Abbi,Taffy
Tomkin,Nana,Rachel
Nemchinov,Ericha,Hildegaard
Easbie,Johnette,Brana
Canavan,Elle,Zola
Bachman,Kathleen,Afton
McCrackem,Kara-lynn,Philomena
Benzie,Nola,Lesya
Branni,Rafa,Elsa
McIlvenna,Ondrea,Birgitta
MacCafferky,Concordia,Amber
Pennycuick,Bevvy,Marcella
Hentze,Queenie,Jocelin
Mathwin,Laurie,Faith
Bazely,Mellicent,Leena
Howatt,Lusa,Gillan
Radclyffe,Kim,Eleanor
Aberchirder,Della,Julietta
Freckleton,Minerva,Dione
Bibbie,Lois,Bliss
Andrez,Marie-ann,Aloisia
Stallybrass,Ethelda,Emmalee
Boynes,Petra,Phelia
Giovannardi,Neely,Pauli
Ather,Mada,Cleo
Loveridge,Aloisia,Gray
Guerola,Mariejeanne,Marchelle
Saffell,Lotte,Karrie
Hanse,Deva,Ardis
Germaine,Adora,Maible
Elwill,Emmeline,Dorice
Smallcomb,Leisha,Carlita
Grabb,Edwina,Aaren
Bibey,Marcella,Cordy
Filpo,Ilise,Anissa
Lockhurst,Charla,Elka
Blaszczynski,Mada,Gale
Wingar,Leanna,Rebekkah
Brugh,Aura,Pamella
Cherryman,Anya,Madlin
Plumptre,Melissa,Maure
Labern,Ashien,Lauren
Capel,Martie,Carena
Campagne,Carley,Mellisent
Dobell,Shirl,Brunhilde
Bladge,Nicol,Nike
Esberger,Sile,Shirley
Barson,Reeba,Sadye
O' Loughran,Maris,Chloris
Ginni,Nelle,Lorianna
Pol,Carmine,Lorette
Whilder,Dolly,Dasie
Pellingar,Angele,Valli
Pargeter,Jean,Agretha
Grote,Christy,Corena
Derbyshire,Collette,Honey
Filippone,Marlo,Jannel
Clemot,Nicolea,Natka
Luff,Vonni,Ninnetta
Oels,Kathrine,Henriette
Goodliff,Dalila,Brook
Chinery,Ranna,Rana
Mawtus,Vanni,Charil
Padfield,Celle,Guendolen
Duffield,Glenna,Deloris
Hailes,Ashley,Mirelle
Boecke,Jacinta,Dix
Brommage,Donnajean,Nicol
Dow,Daryn,Fawne
Madigan,Deva,Lianna
Henbury,Maxine,Noella
Reilingen,Nicki,Dulcinea
Aked,Sherline,Fancie
Melson,Jasmine,Shirlee
Kirkbride,Ardith,Leslie
Spieght,Joyce,Gilbertine
Pairpoint,Abigail,Hendrika
Trevaskis,Aubrey,Carmelina
Killby,Theadora,Rey
Simcox,Melantha,Britte
McVaugh,Sarajane,Lissi
Soigne,Marleah,Candy
Prozillo,Valery,Lane
MacCurtain,Ingaborg,Eddy
Tapenden,Shaylah,Tiffanie
Elphick,Bessy,Sophey
Dawidowitz,Shirl,Waly
Campelli,Leela,Pier
Neesam,Aarika,Dania
Wagnerin,Jody,Sosanna
Crimes,Talya,Beulah
Form,Arline,Audry
Dillaway,Gracia,Gilly
Kures,Tamra,Hetty
Fearfull,Melodee,Leeann
Durbyn,Isis,Benedetta
Feldberg,Kate,Bethina
Maulkin,Jaquenetta,Melli
Posnett,Gwenny,Amandie
Ashingden,Guillema,Sherie
Bevington,Odilia,Robinette
Brodeur,Ranee,Veronique
Heavyside,Betty,Alaine
Pluvier,Truda,Kari
Canner,Nikoletta,Cathy
McPeake,Phylys,Lorri
Top,Cathleen,Maryl
Flippelli,Ulrikaumeko,Dedra
Jizhaki,Sadye,Selie
Boakes,Romonda,Kirstyn
Eles,Donelle,Matelda
de Merida,Shirlene,Nikaniki
Peirpoint,Celka,Robyn
Rossander,Livvy,Cassandre
Hills,Cherrita,Kariotta
Siggin,Stacia,Marin
Duthy,Gerianne,Ginny
Grimsdith,Brita,Allyce
Donkersley,Nike,Helenelizabeth
Woodard,Eadith,Millisent
Bartle,Diena,Dahlia
Amys,Eleonora,Karilynn
Iacovuzzi,Franni,Marie-ann
Lawrey,Desiri,Bendite
Mahood,Bathsheba,Nerty
Huntingford,Pearla,Vanessa
Aldins,Idelle,Riannon
Barwick,Elysee,Michaela
Bowmaker,Janice,Germain
De Ferrari,Philipa,Karlen
Vannet,Hetti,Clemmie
Fellow,Teriann,Diena
Ford,Lena,Toni
Stoakes,Vikky,Nanci
Troppmann,Erminie,Iona
Leroux,Jacklyn,Winna
Arnely,Konstanze,Elayne
Larkings,Dusty,Kamila
Lauks,Christabella,Dominga
Donohoe,Rosanna,Rafaelita
Ridings,Jackquelin,Olly
Raspin,Shandra,Thia
Waadenburg,Marris,Karleen
Reddin,Audra,Honor
O'Brogan,Verina,Brynn
Ivens,Cayla,Gussie
Shwenn,Merle,Marlee
Matyugin,Zena,Margarita
Du Plantier,Eugenia,Teriann
Kemmons,Brenna,Rosene
Matissoff,Aleen,Shoshana
MacSween,Ardenia,Lisetta
Le Breton De La Vieuville,Eugenia,Dacia
Brangan,Odessa,Elena
Tather,Opalina,Merrili
Calcraft,Corrie,Rosanne
Ioannidis,Addi,Briney
Massimi,Peg,Del
Roger,Fern,Joycelin
Bachshell,Mela,Keslie
Garza,Liliane,Ivy
Luigi,Pierrette,Donna
Ewestace,Corabelle,Chelsie
Norwood,Tessy,Cindra
Cavozzi,Shay,Rafaelia
McFall,Anet,Kate
Carter,Etty,Julieta
Alekseev,Dorette,Roana
Enocksson,Marcelia,Anne
Guerrieri,Roxie,Vanessa
Pierri,Aurlie,Dulcine
Fuente,Louisette,Krissie
Nockalls,Lucila,Annecorinne
Spurgin,Klarika,Claude
Sandwich,Ardys,Petra
Rogerson,Daisy,Olenka
Verdun,Margie,Merissa
Norcock,Kora,Mirilla
Klossmann,Lonni,Fiona
Semble,Stormy,Gerta
Ginty,Dalia,Leshia
Jiri,Lydie,Lona
Chesters,Astrid,Julianna
O'Hone,Franciska,Ethelind
Sammons,Annabella,Jenifer
Bilsford,Idelle,Emmey
Blabber,Alaine,Abby
Petrolli,Maryellen,Janka
Stithe,Corina,Nancey
Dunnet,Glennis,Hyacinthie
Bilbee,Valma,Ginelle
Rendell,Karol,Aubry
Tilson,Marilin,Polly
Ivankin,Roberta,Elisabeth
Racher,Rina,Morgan
Churchyard,Fannie,Yoko
Klyn,Paulita,Becki
MacGarvey,Annice,Emmalynn
Rees,Alecia,Dolly
Verni,Rasia,Faun
Hayen,Jeane,Karie
Hanne,Adina,Lucinda
Joutapavicius,Krissy,Marcela
Capes,Ginnifer,Anselma
Grisenthwaite,Ricky,Imogene
Glendining,Maryjo,Novelia
Drinkhill,Kendra,Sula
Meineken,Kitti,Tamra
Laxen,Sean,Gaye
Gleasane,Maude,Pearla
Brosh,Annette,Helena
Brunt,Elisabet,Molly
Huot,Estele,Floria
Issacson,Starlene,Dode
Rittmeyer,Tessy,Sallyann
Elderfield,Lise,Mariska
Megany,Roxane,Gwenni
Bleue,Beilul,Cherrita
Roles,Nicole,Nancie
Vernon,Letizia,Valenka
Sabates,Zara,Sandye
Felgate,Faunie,Tabbie
Littrell,Prue,Glynnis
Andrini,Dacia,Enrica
Meneux,Desdemona,Caro
Corneljes,Wandis,Georgina
Gleeton,Almira,Selle
Lashford,Malory,Rosella
Bartolini,Sharon,Bree
Trevaskiss,Danyette,Shaylyn
Kleinschmidt,Siobhan,Larina
Desforges,Dorice,Monica
Carcas,Janey,Dinnie
Kubek,Martica,Jacinthe
Nannoni,Ardeen,Caterina
Farens,Melonie,Loreen
Ruggiero,Tallie,Theresita
Soule,Zsa zsa,Jayme
Jozefowicz,Jo ann,Lenna
Breens,Marrissa,Dorie
Chritchley,Sherye,Aimil
Arents,Yelena,Blancha
Barcke,Gloria,Melina
Beldham,Sallie,Cyndie
Sherrin,Pollyanna,Lavinia
Sirman,Elenore,Lenna
Deverson,Delinda,Davita
Olle,Rebekkah,Mirella
McCreery,Candide,Phil
Teliga,Madonna,Anna-maria
Pryke,Eunice,Tiffanie
Taffs,Julina,Janette
Warman,Lonna,Rickie
Mordon,Tracy,Seka
Colman,Daveta,Alfreda
Boerderman,Melly,Luise
Knowlden,Leonie,Magdaia
Bownd,Ester,Darcee
Fowell,Daphna,Oneida
Phear,Jeanelle,Madelin
Searchwell,Leonora,Theodora
Kerford,Darell,Robbyn
Dulin,Mignonne,Lucine
Mapholm,Gertrud,Phillis
Elvish,Ardys,Marjorie
Filpo,Dody,Raye
Russam,Fan,Demetria
Lees,Hesther,Licha
Gaize,Margo,Rosemonde
Fletcher,Ariana,Marci
Haylor,Kimmy,Kerry
Pydcock,Oralla,Ann-marie
Reynard,Jonie,Ophelia
Crean,Claudine,Nanete
Lipyeat,Carilyn,Eartha
Zuanelli,Paige,Jenilee
Rounce,Cherin,Betsy
Acey,Ketti,Emera
Champney,Bernie,Meredithe
Ferri,Idelle,Kaitlyn
Tavner,Lisha,Philipa
Anthiftle,Pen,Kristyn
Priddy,Ophelie,Abbye
Stanyland,Asia,Dorris
Hooke,Pauli,Gusti
McGeady,Dniren,Corrina
Saiger,Mersey,Silvia
MacKall,Viki,Evy
Rehme,Jaquenette,Winnah
Pickavance,Sherry,Silvia
Paulazzi,Elisabet,Betteann
Zambonini,Sybil,Moll
Bernette,Liesa,Shani
Clendennen,Kissie,Lucretia
Clapperton,Raven,Anjela
Pixton,Dorise,Sandy
Everall,Alyce,Vicki
Howden,Reggie,Krystalle
Whaplington,Selina,Sybil
Vitall,Kata,Tove
Rignoldes,Keeley,Jaclin
Robshaw,Lauryn,Eddi
Dombrell,Nicky,Lucie
Rafferty,Taffy,Rasia
Acuna,Savina,Marietta
Blazewicz,Lydia,Celestina
Quye,Marketa,Hollyanne
O' Scallan,Hilliary,Starla
Clench,Gert,Dee
Staynes,Marina,Alejandrina
Keefe,Jaquelin,Roxie
Grichukhin,Josey,Julianna
Flanigan,Petra,Mavra
Valintine,Marcile,Uta
Gutherson,Amberly,Birgitta
Vany,Prue,Dione
Charity,Emmye,Ginnie
Coning,Prue,Kimmie
Dipple,Lanie,Meridith
Casewell,Tabatha,Lynnelle
Smallridge,Ina,Audre
Pautard,Layney,Caritta
Lyfield,Natka,Karoline
Hucker,Randi,Patrica
Whitland,Modesty,Aprilette
Kulvear,Sabra,Annadiane
Coaker,Drucy,Gayleen
Lawley,Cassandra,Lynnet
Challener,Costanza,Alisa
Gair,Ginni,Wileen
Meegin,Brooks,Jaquenette
Wormald,Jessalyn,Nisse
Godar,Anneliese,Frederica
Care,Martita,Courtenay
Dombrell,Natka,Ellissa
Beggin,Cynde,Jobyna
Aujouanet,Esme,Claire
Rubke,Alicea,Luisa
Airth,Geri,Stoddard
Bidwell,Lynnea,Marylynne
Writtle,Amil,Ronalda
Ciric,Dotti,Malynda
Pilkinton,Janith,Ofelia
Purple,Cleo,Emlynn
Cammacke,Karlene,Martguerita
Hasling,Octavia,Ursala
Stennings,Charmaine,Rafaelia
Valentine,Wrennie,Gwenneth
Fenwick,Moselle,Kaela
Munday,Lotty,Annabal
Tumulty,Cyndie,Wrennie
Valdes,Kellina,Lebbie
August,Merrily,Shawna
Scotney,Ernestine,Ileana
Maiden,Muire,Jada
Tinham,Anastasia,Norma
Redmore,Sydney,Kerry
Marshall,Clementina,Harriet
Cloughton,Kata,Valentine
Ariss,Andy,Roxana
Voice,Alisun,Carrie
Ajsik,Othilia,Darda
Emmines,Reba,Gretta
Rush,Benita,Emmeline
Piquard,Dory,Kessiah
Le Sarr,Mirabella,Moina
Marthen,Babbette,Clarine
McAlarney,Betteann,Marney
Bukac,Florenza,Berri
Plaschke,Anna,Raye
Meek,Bonita,Ceciley
Blockley,Dacie,Jehanna
Judge,Agathe,Eolande
Pacitti,Liva,Eimile
Keward,Linea,Farrah
Fice,Cass,Dollie
Blasi,Robinetta,Bria
Vasenkov,Gunilla,Lauryn
Kiddy,Carole,Kellsie
Boyen,Aggie,Florance
Bruneton,Wanda,Minetta
Mannooch,Gavrielle,Jennee
Neljes,Thomasina,Cacilie
Fetherstonhaugh,Karla,Lianna
Barratt,Kala,Vonnie
Ramshay,Marquita,Trish
Desforges,Bess,Nicoli
Vanetti,Carroll,Xylia
Sea,Sandra,Doretta
Farleigh,Cam,Annetta
Conibeer,Jacynth,Hali
Spratling,Emlynn,Kamillah
Gudgen,Felecia,Windy
Judkins,Herminia,Binny
Jephson,Tabatha,Nettie
Lafaye,Meara,Karly
Adamsen,Grazia,Simone
Moscone,Marlee,Piper
Jaycocks,Opalina,Mireielle
Brisley,Lynette,Conchita
Verdie,Bennie,Melisande
Spink,Ingunna,Kelsi
Pressland,Amalie,Jacquenetta
Huckel,Dorrie,Robbi
Ketchaside,Chelsae,Rosabelle
Oris,Ethelin,Karoly
Urrey,Aeriel,Corrinne
Piller,Gertrude,Iolande
Servis,Mavra,Cecilla
Gytesham,Sydney,Modesta
Ryce,Wynn,Harlene
Kynforth,Dinny,Hestia
Philips,Karmen,Gerty
Doward,Tracie,Elfrieda
Ronca,Lara,Erma
Rosenstengel,Uta,Catherina
Tresler,Maurine,Vi
Addicote,Sondra,Mandie
Boler,Ardene,Alvinia
Tacey,Issi,Ruth
Coutts,Sisely,Jaimie
Kalinsky,Astrid,Paulita
Bass,Nicki,Krystyna
Mounsey,Elena,Elladine
Jedras,Tamarra,Arabel
Mouncey,Layney,Hanny
Brownbill,Kelcy,Antonetta
Jopling,Ruthann,Melantha
Foley,Nady,Pollyanna
Pedroli,Con,Tally
McNuff,Cleo,Loria
O'Shavlan,Michaeline,Janeczka
Heigl,Fanchon,Sissy
Rooze,Dacey,Jennica
Couve,Jazmin,Celia
Horsted,Kalindi,Bamby
Baudin,Lydia,Melany
Gilphillan,Phelia,Dorree
Calderon,Gui,Geneva
Sannes,Tedda,Alexandra
Rossoni,Elga,Christan
Lowthorpe,Jessie,Ruthe
Smouten,Selia,Christan
Casewell,Lyndsay,Kaitlin
Norgan,Cal,Gwendolin
Leneham,Shell,Brigitta
Poyntz,Ilysa,Janeta
Sabben,Leonie,Janith
Mattiato,Ronalda,Carma
Kehoe,Jewelle,Maryrose
Le Friec,Sybil,Norina
Grishakin,Junette,Selma
Flicker,Isadora,Tanhya
Rickertsen,Corinne,Floria
Prowse,Fenelia,Lari
Rallinshaw,Lilly,Giorgia
Speight,Clerissa,Mariam
Warbys,Blair,Adina
Tomes,Odella,Scarlet
Kauffman,Esther,Myrlene
Mansell,Susannah,Marney
Rafter,Gerrie,Irma
Seally,Harri,Maressa
Philipet,Rakel,Brandea
Loblie,Lorraine,Kissee
Worsnup,Teriann,Dolli
Winsper,Shelbi,Lisetta
Strank,Clem,Lane
Firmage,Julita,Bobina
Ayrs,Rhody,Oralee
Victoria,Leda,Shana
Speight,Peg,Jacky
La Padula,Deborah,Suzie
Garfit,Bibi,Karia
Nizet,Essy,Elsa
Bartot,Illa,Mamie
Gecks,Anallise,Rita
Mathiasen,Cissy,Alida
Flipek,Corena,Clarice
Buggs,Bibbye,Darice
Glancey,Cathe,Jeanie
Dilley,Lilian,Klarika
Camamill,Abagael,Sybilla
Dowber,Joane,Julina
Pennaman,Susanna,Row
Lezemore,Em,Vivie
Gavrielli,Margeaux,Angil
Isgar,Donnajean,Aubrey
Winwood,Aggie,Josephine
Fenning,Janice,Edna
Guilleton,Stevena,Donetta
Sloyan,Marni,Jordanna
Delap,Debi,Frieda
Corday,Ingaberg,Vonny
Lievesley,Catie,Gunilla
Mahady,Willyt,Josephine
Alessandrucci,Lelia,Shaylyn
Turbayne,Thalia,Natka
Hodges,Kirsteni,Cindie
Castane,Ambur,Glynda
Pendleton,Dorothy,Kath
Tessier,Thalia,Sapphire
Wolfendale,Tara,Fianna
Lergan,Aveline,Fredia
Lilburn,Vi,Marlie
MacAndreis,Tova,Angelita
Kynston,Erena,Polly
Worvell,Bambi,Avivah
Bewshire,Donetta,Dorris
Lavalde,Cindy,Sophi
Deering,Adora,Elicia
Sprigings,Liane,Cherie
Torre,Andria,Luci
Cottee,Briana,Leslie
Bucksey,Dynah,Chelsae
Dablin,Juliane,Leland
Scarre,Eula,Elise
Haldenby,Berty,Letitia
Brundle,Annora,Ree
Izzett,Reba,Wilmette
Timbridge,Laurianne,Eula
Swash,Betty,Aurea
Hulatt,Brandice,Kylie
Ouldred,Jeniffer,Hestia
Fautly,Eudora,Gwenneth
Ethersey,Linnie,Odette
Betchley,Mag,Cinnamon
Leverentz,Josi,Chicky
Goulbourn,Conny,Rozalin
Dimitru,Gwen,Robinia
Cooksey,Sib,Pegeen
Crate,Hulda,Angeline
Divver,Blinni,Cari
Doornbos,Babette,Benoite
Haworth,Keeley,Debor
Mawd,Cindelyn,Anjela
Van Der Vlies,Fernanda,Odella
Curragh,Jillie,Bren
Lindelof,Emlyn,Alicia
Fashion,Ciel,Johannah
Ensley,Norina,Andriana
Alesin,Esta,Reena
Elan,Madelene,Con
Pauly,Saraann,Lebbie
Benettelli,Ailina,Wanids
Campsall,Jocelin,Sadie
Dearnaly,Lilah,Hedy
Spracklin,Zabrina,Maritsa
Morena,Costanza,Anabel
Lissemore,Valentine,Oralia
Curwen,Ardenia,Chandra
McClements,Celinda,Annis
Rounce,Nessie,Lizette
Jalland,Ronni,Star
Mulliss,Liza,Lia
Biasio,Emmalee,Melodee
Oganian,Angie,Eleen
Pelham,Niki,Bonnie
Piggrem,Esma,Flor
Pershouse,Louisa,Violette
McMennum,Jamie,Marlee
Dewett,Florie,Alyda
Fowler,Fancy,Arden
Cranshaw,Marlie,Josselyn
Feldman,Maiga,Hilda
Calfe,Sheila-kathryn,Karee
Duckworth,Rhetta,Carmel
Brazer,Melisse,Cordi
Torpie,Madelon,Siobhan
Alabastar,Dido,Lara
Gogin,Chrysler,Adi
Menloe,Carlene,Ingrid
McElvogue,Jaimie,Phil
Cotgrove,Austina,Kissie
Wytchard,Bettye,Pier
Kummerlowe,Robinette,Charil
Sillis,Cordi,Cyndia
Kermath,Dannye,Jaquenette
Marsie,Jeanine,Selena
Peyto,Diann,Koral
Barnett,Natty,Lettie
Seilmann,Salomi,Cindy
Erwin,Jacki,Donielle
Spincks,Xylina,Dredi
Grewar,Roberta,Inna
Croft,Alvira,Val
Breinlein,Jacquelin,Lissi
Antognazzi,Joell,Gratia
Seagar,Cloris,Neysa
Ecclestone,Jacinda,Maura
Gainsford,Florette,Torrie
Tinston,Alexina,Maddalena
Gyves,Sue,Kate
Hosburn,Doretta,Illa
Jouannisson,Cordi,Esther
Beeson,Rochell,Gillan
Conti,Olive,Holli
Stidson,Sayre,Blanche
Theriot,Rafaelia,Rosalie
Somerled,Doll,Karine
Chat,Celine,Eleonore
De Cristoforo,Aloise,Adelice
Reding,Karyl,Raeann
Jillings,Nikki,Fionna
Gidney,Rosabel,Karalynn
Dalling,Barb,Natty
Bingall,Jacquenette,Marcia
Loseke,Ibby,Florri
Trevna,Dredi,Robbyn
Banes,Sheeree,Glenna
D'Hooghe,Marisa,Tildy
Haberjam,Abbi,Lilah
Benardette,Agata,Reyna
Tolle,Ninon,Maurene
McGairl,Annemarie,Risa
Potebury,Cherlyn,Irma
Scawton,Renate,Neely
Josefowicz,Lorianne,Donnie
Louys,Midge,Noella
Blakey,Gabriel,Hatti
Batterbee,Di,Eve
Deeson,Giustina,Calypso
Kerwood,Jordain,Anthe
Hoogendorp,Elaina,Rheba
Pashby,Berna,Lizabeth
Lampard,Micheline,Bellina
Bettridge,Kirbie,Bibbie
Nother,Wren,Shanie
Alvarado,Verile,Dell
Hosburn,Zahara,Anallese
Scrammage,Gaynor,Genovera
Pinnocke,Mirabel,Donnajean
Cathenod,Jami,Collie
Rozalski,Gena,Corliss
Soppit,Letisha,Tiff
Matyushkin,Sidonia,Sonny
Noblet,Giselle,Lynett
Fillis,Jade,Asia
Messitt,Melodie,Dorisa
Gratton,Adaline,Loretta
Cuncarr,Ellissa,Elaine
Lindmark,Mercy,Carola
Kilmaster,Kora,Chad
Worsom,Emalee,Dayna
Rosie,Darsie,Janka
Tolfrey,Linnet,Krystal
Elmore,Beverlie,Dolorita
Velti,Emlyn,Donni
Pendergrast,Tatum,Lea
Guage,Elga,Tootsie
Thieme,Mina,Gretel
Westmancoat,Stormi,Meta
Patullo,Kyle,Drusy
Kretschmer,Enid,Celle
Newick,Bambie,Kizzie
Jeannard,Daniella,Rozelle
Gundry,Lynn,Mollee
Rumbellow,Giorgia,Drona
Widdall,Feliza,Guendolen
Orgel,Robina,Adrea
Ariss,Samantha,Lanna
Donwell,Celinka,Tiffani
Stoop,Elissa,Linnea
Stolberg,Lory,Ines
Acutt,Hildy,Maia
Doswell,Cristy,Fulvia
Baison,Helen-elizabeth,Kellie
Jollands,Orelia,Sally
Sargerson,Ilyssa,Moll
McMurray,Sara-ann,Lida
Budnik,Kiersten,Kariotta
Meacher,Talyah,Blanche
Maplethorp,Amabel,Henrie
Grumell,Kyrstin,Johna
Breton,Lorie,Kylynn
Delacote,Auroora,Zondra
Pengilley,Sonnnie,Giovanna
Littler,Bertha,Cyb
Burtt,Jobi,Gerti
Gilley,Viva,Ulrikaumeko
Venour,Sybila,Ebba
Spinas,Reggie,Eloise
Chuney,Serene,Hesther
Burless,Selie,Kristi
Harral,Dianemarie,Bliss
Aylward,Sophey,Malynda
Tweedie,Heddi,Cherri
Alfonso,Jayme,Samara
Moberley,Neila,Caterina
Bambrick,Roze,Elberta
Fluger,Jennine,Coraline
Wickens,Sabina,Faunie
Denes,Mommy,Carlynn
Roglieri,Enrika,Dynah
Clapham,Cammi,Cate
Vayne,Gwendolin,Layney
Aries,Demetris,Myriam
Urlin,Augustina,Teirtza
Ebbens,Mechelle,Marcelia
Brazier,Karmen,Avril
Retchless,Tedra,Mary
Horwell,Loree,Katrina
Raccio,Lyndel,Reine
Lapping,Eda,Kimmi
Anderton,Hendrika,Marylee
Shewen,Mercy,Robbin
Kaser,Athena,Fredericka
Fieller,Roda,Letta
Titchmarsh,Lisetta,Katerina
Linton,Elysha,Jori
Zamorrano,Domeniga,Tamarah
Lye,Johnette,Lilith
Filippello,Mariya,Cosette
Shilstone,Dacey,Dalila
Pancoust,Marla,Alfi
Longlands,Rowena,Cacilia
Poynter,Lenora,Cammy
Silby,Charleen,Josefina
Van der Daal,Lonni,Hadria
Blackater,Belicia,Elisabet
Barham,Mirabella,Roberta
Clougher,Thomasina,Margot
Tirone,Ivonne,Melita
Reddy,Timmie,Frederica
Alger,Sara-ann,Karoline
Megson,Cybill,Tamarah
Stephen,Chantal,Gillian
Frankton,Uta,Cassy
Garrish,Loralee,Regina
Henrichs,Rozamond,Paulina
Arro,Emmalynn,Sibylle
Bladesmith,Emmie,Harriette
Mecchi,Kessia,Wini
Trynor,Hetti,Olivie
Munnings,Nertie,Freddie
Renwick,Geri,Roda
Woodhead,Laure,Dedra
Jiri,Florentia,Isabel
Yarr,Leland,Sashenka
Hallen,Alisun,Ki
Waliszewski,Eudora,Roana
Tuffey,Jacynth,Neile
Haworth,Avis,Delcine
Corhard,Giuditta,Lorette
Scoffins,Denys,Roanna
Corcut,Jenifer,Karlen
Franzman,Laura,Bobinette
Adamo,Anissa,Vickie
Plitz,Kipp,Odele
Searchfield,Kirsti,Blinni
Hubbucks,Renie,Laryssa
Paszek,Jobina,Laurella
Huckleby,Jacky,Marilyn
Shurrock,Jojo,Kata
Cashford,Elsie,Ashlee
Dabs,Trista,Terri-jo
McLoughlin,Ellie,Clareta
Strange,Geraldine,Reiko
Sarson,Darby,Brittany
McBryde,Lanita,Bekki
Andren,Marcelline,Austin
Peirone,Josie,Astrid
Hertwell,Kellie,Ophelia
Pund,Trudey,Mirelle
Currm,Hally,Liuka
Labes,Ashia,Stacie
Foskett,Zuzana,Jill
Puckham,Midge,Riva
Neate,Corena,Cass
Sheridan,Perrine,Allsun
Lemery,Drusilla,Jasmin
Tod,Deerdre,Lorianne
Trulocke,Koressa,Tootsie
Meriott,Zitella,Shir
Burger,Gena,Eleonore
Simakov,Michaeline,Manda
Breton,Coleen,Gabriell
Shelliday,Courtenay,Iolande
Lockhart,Marilyn,Aida
De Gregorio,Chicky,Beitris
Breckwell,Elfreda,Noellyn
Benfield,Krista,Kat
Etchells,Elene,Kayley
Dobrowolny,Amara,Andrea
Parkisson,Rafaela,Fancie
Glewe,Harriot,Lory
Stonham,Fifine,Amargo
Castello,Mae,Isabelita
Abells,Zea,Marthe
Laviste,Elfie,Rosanne
Griffey,Agnola,Idaline
Pedlar,Monah,Lacie
Rolfe,Maddalena,Ellynn
Bartosinski,Cordelie,Doralin
Phlippi,Fifi,Ailina
Le Strange,Starlin,Donetta
Cristofori,Mandy,Filia
Watts,Cody,Roobbie
Chicchetto,Cariotta,Miguelita
Satterly,Jenni,Faun
Oliveras,Maiga,Rosalie
Fillan,Leyla,Thomasine
Shelmerdine,Carissa,Hinda
Janousek,Julie,Linnea
Snooks,Gertrudis,Thomasa
Glennard,Indira,Alanna
Carlson,Reine,Bernie
Ginner,Emilia,Corliss
Justis,Sada,Thomasine
Gamil,Barbe,Ashien
Sterry,Madelina,Berrie
Wheway,Millie,Jillana
Pidgeon,Jeanelle,Edith
Vere,Elissa,Willette
Bare,Cherri,Emlyn
Robjant,Mandy,Phaedra
Biasi,Tessa,Minne
Redford,Katy,Francoise
Mannakee,Regan,Nonna
Woolis,Costanza,Lory
Sawl,Casi,Grayce
Marquez,Andriana,Faith
Birtwhistle,Oralie,Farrah
Favela,Kay,Karmen
Gonet,Cecil,Amalia
Lascell,Micheline,Dayna
Hoyte,Ida,Jolyn
Birwhistle,Vanni,Fayette
Brackstone,Debbie,Conni
Blazi,Katy,Maryann
Meadley,Regina,Nancey
Durtnall,Perrine,Joli
Tattersill,Eachelle,Pollyanna
Brugman,Felicle,Chrysler
Piesing,Fae,Annabal
Binding,Liliane,Elana
Lightwing,Gianna,George
Cufflin,Aurea,Angelique
Speck,Chelsy,Greta
Aizikov,Rene,Agneta
Aiers,Tiffanie,Rozella
Darlow,Marietta,Marta
Woolger,Mechelle,Gussi
Jeratt,Alanah,Aline
Kassel,Hilary,Olimpia
Maybury,Mariquilla,Ranee
Harmes,Adaline,Lynna
Robardey,Lorinda,Chrystal
Riccardelli,Cordelie,Jessi
Mohring,Tybie,Suellen
Robbie,Janot,Meta
Pley,Corie,Morgana
Rollins,Bari,Dyann
Cunde,Randi,Kerrill
Loveland,Evangelina,Delinda
Doughill,Hyacinthia,Gwendolen
Messom,Gigi,Darelle
Brooke,Becky,Horatia
Wardesworth,Larina,Maurise
Haithwaite,Jodi,Gale
Wolffers,Sena,Vi
Blyth,Laurice,Maegan
Cowthard,Koral,Camille
Abramovitch,Bobbye,Jocelin
Inkpen,Inna,Mallory
Hagger,Bethina,Katerine
Munton,Cristi,Devonna
Eiler,Debera,Gianna
Laherty,Jacquelyn,Jennilee
Golthorpp,Leoine,Bunny
Stanislaw,Sheilah,Cynthy
Lezemore,Jacquelin,Carin
Waggatt,Kyle,Dodi
Worlock,Lindie,Breanne
Pineaux,Cherida,Andriana
Squirrel,Aggi,Alvina
Oneil,Cori,Deedee
Rickford,Kirby,Farica
Andric,Magdalen,Doralynn
Affron,Thelma,Clea
Halfacree,Salaidh,Devora
Gotthard.sf,Moselle,Guillemette
Molson,Eve,Rosette
Volet,Natalie,Mela
Kleeborn,Melessa,Pat
Klossek,Darlene,Aviva
Bridewell,Storm,Giulietta
Drinan,Tarra,Ailyn
Lente,Ibbie,Tony
Cassedy,Karon,Ajay
Toomer,Sonny,Bunni
Showers,Alejandrina,Loria
Bellord,Kippie,Amity
Storks,Jaquelyn,Zuzana
Stoller,Fanny,Guenevere
Bugbird,Essy,Shirleen
Capelow,Charlotte,Leese
Wakeling,Emeline,Kirby
Critchley,Kimbra,Nata
Bracegirdle,Gabriell,Glori
Kinmond,Goldarina,Martha
Emby,Kim,Vanny
Tyne,Lydia,Thomasa
Pedrol,Sile,Adrea
Drillingcourt,Cathi,Cacilia
Bardwall,Gae,Tonia
Feldhuhn,Reeva,Jacki
McFadzean,Gisella,Rivalee
Griffin,Cynthea,Ibbie
Cohr,Tilly,Mollie
Liger,Ricca,Clara
Oakeshott,Lishe,Kirsti
Routledge,Gusella,Melany
Jansa,Kathy,Trenna
Colvine,Larine,Nita
Beedham,Ninnetta,Pauline
Gammie,Beckie,Estell
Saterweyte,Lilly,Morgana
Churchyard,Blondell,Ollie
Burner,Nona,Collete
Ellerey,Verena,Carree
Demeter,Nola,Susy
Goldin,Serena,Shannen
Chivrall,Sarita,Gus
Hicks,Aloise,Freida
Ariss,Georgianne,Marjory
Jaskowicz,Ursula,Anthiathia
Penchen,Jaclin,Elisabetta
Aasaf,Lizbeth,Gerladina
Vogl,Rosene,Arly
Bicker,Sib,Jemima
Gason,Jacintha,Maiga
Djekovic,Lyndy,Arlen
Bartelet,Elizabet,Shannon
Mower,Jelene,Clementia
Chrystie,Wally,Coleen
Redfern,Shawn,Melba
Firman,Tonye,Clarissa
Ryan,Michelina,Robinetta
Frean,Florrie,Chandal
Mossom,Amelie,Jess
Maffucci,Demetria,Dulcie
Raywood,Renata,Mathilde
McComas,Lisabeth,Nissa
Lambart,Sheila,Robina
Castille,Lilas,Lois
Grzelak,Sabrina,Bernelle
De Bell,Coriss,Aliza
Wankling,Rebeka,Lyn
Worledge,Carmen,Sibella
Cartledge,Rivi,Peta
Castagne,Becka,Rosaleen
Ferrini,Clarinda,Hestia
Eitter,Nedi,Tonie
Witherspoon,Roxana,Carolann
O'Henery,Samantha,Marcie
Dwyr,Maressa,Jacinthe
Ullyatt,Janelle,Nert
Selvester,Melodee,Drucill
Wooffitt,Heidie,Grazia
Bullant,Shawnee,Amara
Brittin,Ellen,Lavinia
Bastick,Tallulah,Nata
Watkiss,Yolane,Berthe
Haxley,Kellyann,Wynny
Smickle,Dyane,Lindie
McVie,Sharyl,Cynthea
Affron,Nedi,Kass
Balstone,Filia,Hadria
Frango,Tana,Vin
Walker,Traci,Beatrix
De Lacey,Teresita,Laraine
Sheaber,Dixie,Hali
Allsupp,Ada,Karolina
Elis,Kimmie,Debi
Novotne,Cassie,Timmy
Patient,Christye,Junia
Van Schafflaer,Alexa,Oriana
Guilbert,Ardelle,Alexandrina
Dunderdale,Camile,Sara-ann
Sidwick,Fredrika,Rosanna
Pinkett,Becca,Joana
Pim,Sallie,Clare
Brann,Rosalynd,Claudine
Verden,Stormy,Sibyl
Eayres,Tilly,Sada
Abramzon,Ginger,Eunice
Grindley,Elane,Ilyse
Boggers,Marilin,Thomasa
Trunchion,Juliane,Dulcine
Garrood,Allene,Kass
Perone,Edeline,Aurelea
Dewan,Bel,Kerri
MacGiany,Trixi,Aigneis
Feeley,Brenn,Sioux
Klas,Vivianne,Martina
Battrum,Lucienne,Brittaney
Wreight,Violet,Lebbie
Whibley,Dagmar,Maggee
Povah,Shelli,Tomasina
Rassmann,Celestina,Fina
Mosley,Sadella,Erika
Gatesman,Esta,Alicia
Girhard,Peta,Merrie
McAnalley,Barry,Sile
Quarrington,Kati,Lona
Caven,Eugine,Antonie
Bernardos,Tildie,Clementina
Swainson,Harrie,Feodora
Moden,Lauretta,Kay
Knott,Jania,Timmi
Kemetz,Kaila,Zaneta
Karlsson,Lorne,Melodie
Facer,Roxi,Joceline
Steers,Gerti,Genia
Blemen,Aubree,Josefa
Woolfenden,Dore,Jessamyn
Matignon,Arline,Aimil
Blunsden,Glad,Maurizia
Rollin,Annissa,Josephine
O'Kennedy,Lenka,Ann-marie
Tapper,Domini,Joela
Clewer,Petronille,Ginelle
Ozelton,Nicol,Florella
Limer,Susie,Cynthia
Graveson,Alexi,Stevena
Gonsalvez,Ailyn,Angel
Bampton,Darb,Janean
Thorneywork,Sherry,Heida
Comberbeach,Lilla,Helaina
Alcoran,Junia,Rasia
Tiddeman,Lanita,Silvia
Southard,Marje,Hali
Causton,Meridel,Charline
Tollet,Lauren,Gisele
Sacaze,Dulci,Ulrika
Stuehmeier,Anica,Vivia
Duran,Julianna,Fredi
Roughsedge,Katharine,Sandy
Headly,Allys,Carlee
Seyffert,Dorena,Opalina
Martina,Josey,Tarah
Betterton,Theresita,Phil
Rassmann,Hattie,Fania
Bilby,Lilli,Honoria
Newlands,Margi,Nana
Oganian,Kelcie,Davine
Vale,Brinn,Pepita
Gilroy,Rona,Glenn
Risborough,Stacia,Mathilde
Tryhorn,Opalina,Rhea
Jadczak,Bibbye,Josefina
Brimham,Iris,Kaleena
Gebby,Trixy,Denna
Cona,Jacinthe,Aurea
Linscott,Daniella,Sophronia
Kleinhandler,Hilde,Sela
Hannabus,Alexa,Jonis
Brockton,Shena,Ashia
Mundy,Carmela,Kris
Webber,Claudine,Florencia
Gozney,Elane,Rozalie
Stirzaker,Kipp,Cecily
Cund,Idell,Philippe
Lindup,Maryjane,Luella
Riep,Heida,Bryn
Bottle,Felicle,Elena
Mucillo,Staci,Rivi
Bryenton,Issie,Andromache
Betteridge,Legra,Rozanne
Kington,Ellen,Letizia
Hully,Joelie,Hermina
Maypole,Robbi,Christine
Wonfor,Moyna,Marcella
McGrudder,Jinny,Teddi
Apted,Fidelia,Idette
Ficken,Liv,Merci
Allwood,Cornie,Allys
Jellings,Marys,Rosabella
Heliar,Lurette,Jemie
Yarrall,Cyndi,Cecile
Bampton,Rosalyn,Fiann
Goskar,Ursula,Lin
Endley,Myrilla,Nicki
Childrens,Venus,Diane-marie
Cullon,Ianthe,Albertina
Lindwasser,Ortensia,Samantha
Hartwright,Kristyn,Avivah
Ironside,Enrika,Jocelyn
Moreton,Camellia,Ruthe
Brakespear,Fernande,Renee
Lancashire,Maryjo,Berty
Rival,Cher,Britney
Burdell,Fayre,Gretna
Dunston,Lilli,Elsbeth
Fackrell,Onida,Perle
Cottingham,Peggy,Shandra
Murrhaupt,Margo,Bree
Gerriessen,Arden,Joye
Pester,Laure,Madelon
Boylund,Amabelle,Honoria
Olivey,Arline,Hedvige
Taillard,Atalanta,Jolene
Plewes,Hertha,Anetta
Fyldes,Leilah,Ariel
Janak,Tamiko,Magda
Doyle,Margarethe,Marja
Georgeon,Hally,Vivien
Napoli,Dody,Caitlin
Boothe,Eleni,Linell
Rudd,Jacquelin,Tawnya
Hyatt,Kylie,Simona
Sherrell,Melina,Patrice
Betjeman,Collete,Talyah
Bennis,Carol,Lorianna
Bingell,Imogen,Eileen
Woolfoot,Fania,Kizzie
Swait,Claudia,Eadith
Schade,Jayme,Lonna
Andrusov,Pooh,Debra
Masson,Aimee,Brook
Aldwinckle,Helsa,Coletta
Fruchter,Torey,Sigrid
Broadberrie,Bridie,Vivien
Wingrove,Gwenora,Morgen
Hanwell,Sydel,Dasya
Hearty,Ray,Sandye
Attoe,Karna,Chloris
Bernaldo,Jermaine,Gabrila
Leggon,Drucy,Melisande
Goodchild,Karola,Wandie
McAree,Frankie,Carolynn
Redhouse,Kenna,Kirbie
Ramshay,Janeen,Jocelin
Sommers,Annalise,Krystyna
Piola,Romola,Arlyn
Greatham,Tuesday,Marje
McTurk,Sue,Lorettalorna
Duplan,Timi,Corly
Risbridger,Emera,Lanie
Fairn,Fredrika,Ashley
Spring,Othilie,Sindee
Jamieson,Kore,Malynda
Ellery,Jobye,Jsandye
Blundell,Sidoney,Merci
Lamputt,Dulsea,Etty
Costerd,Evangelin,Sile
Geke,Mamie,Lulita
Fleetham,Melamie,Doralynne
Geertz,Merlina,Koo
Artharg,Coral,Sibilla
Byfford,Berte,Gusella
Fennessy,Donnie,Dolli
Pideon,Trenna,Martynne
Bellow,Liv,Dinah
Achurch,Abbey,Sandy
Ells,Clarinda,Reiko
Di Carlo,Mallissa,Nariko
Cresser,Elsinore,Sissy
Mee,Corabelle,Jacklyn
Berger,Devonna,Cherish
Najara,Kerry,Margret
Tenwick,Aleece,Grayce
Lenden,Gillie,Bessie
Loader,Vita,Tiff
Dunkerly,Charil,Reeta
Norrey,Livvyy,Vi
Yuryev,Carol,Suzanna
Polini,Gabbi,Moyna
Urian,Cherry,Virgina
Throughton,Hendrika,Kamila
Burk,Katine,Sabra
Heugle,Fawne,Kassi
Synnott,Trixi,Anita
Offill,Beilul,Shaylah
Audry,Adrea,Starla
Iuorio,Carlynn,Yolanthe
Matonin,Anthia,Sharia
Oglethorpe,Kaitlynn,Reena
Hallor,Coraline,Donia
Alberti,Amargo,Saree
Sandbrook,Lexie,Nani
Reinhardt,Micky,Jeanette
Tilt,Nisse,Adan
Grigolon,Tamar,Sissie
Spottswood,Adele,Cherry
Pridie,Avril,Jammie
Sandland,Claudie,Wendeline
Cathersides,Noell,Sande
Sothern,Coriss,Cody
Brassington,Consuela,Peggie
Poller,Franky,Federica
Bau,Shaine,Krista
Killik,Tanya,Jojo
Polo,Karrah,Belinda
Greenhalgh,Anny,Daphna
Face,Doria,Jacquenetta
Olford,Cyndy,Milzie
Godly,Cynthy,Emylee
Drewet,Natty,Mora
Fearnehough,Carley,Rodina
Mewburn,Allix,Elmira
Goodlett,Christin,Alexandra
Bahde,Sophronia,Karil
Leupoldt,Florinda,Orly
Antonovic,Mamie,Rosella
Witherow,Grazia,Adorne
Berrecloth,Yolande,Tessi
Magson,Annette,Corey
Spinage,Olympia,Freda
Billam,Willetta,Rebecca
Vasyutkin,Fedora,Danyelle
Rulten,Kevina,Josey
Alpes,Melodee,Lil
Ritchings,Odella,Judye
Haile,Thomasin,Odille
Luffman,Nonie,Emalee
Gallie,Janeta,Amie
McLeish,Amelie,Carleen
Folomkin,Collie,Flossie
Juden,Pearline,Rosina
Stilldale,Ardith,Kyle
Entwhistle,Joelle,Lynnet
Doxey,Evaleen,Juliann
Westfield,Kassie,Leilah
Beranek,Bethanne,Janna
Ready,Lotte,Penni
Antoniak,Wandie,Karyl
Wheater,Gwynne,Reina
Henrique,Elayne,Trude
Niesing,Dominga,Karita
Cuddehy,Anissa,Faye
Keuneke,Papagena,Jennette
Reeman,Malena,Moira
Oylett,Robena,Leora
Craufurd,Marie-jeanne,Amelita
Hiers,Vonny,Rafa
Tootell,Cyndi,Annabel
Twittey,Velma,Vivyanne
Maffetti,Meredith,Juliet
Goodhall,Ruperta,Lavina
Sabin,Philippa,Celestyna
Nance,Neilla,Sharleen
Lippi,Elnore,Gabi
MacCartney,Amaleta,Lorne
Gierhard,Lula,Lorraine
Shutler,Lib,Elsy
Dibden,Vinny,Dolorita
MacIlraith,Bliss,Gusta
Chatin,Briney,Matilde
Ballefant,Star,Goldy
Thomasen,Cristionna,Willy
Treagus,Phillida,Georgeta
Curgenven,Jo-anne,Torey
Betteney,Dody,Alica
Nadin,Carlee,Sofie
Philot,Lindi,Elsinore
Klamp,Geraldine,Margo
Hamman,Shayne,Dela
Landsberg,Lorianne,Charmaine
Dorgan,Rosalynd,Theresa
Stannah,Marjorie,Margie
Bes,Lucine,Theadora
Cullagh,Ruth,Horatia
Jiras,Celestine,Gui
Looney,Elga,Ashley
Eales,Myrta,Yoshiko
Binley,Anthea,Millicent
Springle,Denna,Doria
Nanetti,Sonny,Roseline
Terrelly,Kellie,Gavrielle
Alenichicov,Eveleen,Darcie
Jahner,Cherey,Etheline
Davidovitz,Roselia,Teddy
Bowart,Ilse,Lila
Bernardes,Tiffani,Margaretta
Toone,Misti,Joell
McClary,Meaghan,Ingaborg
Finicj,Danette,Daria
Lunney,Raf,Lindi
Dominichelli,Sukey,Rivy
Drissell,Tory,Cathee
Rosellini,Verina,Shara
Dunckley,Gillan,Tallou
Blunsom,Batsheva,Marianna
Decent,Torrie,Vivianne
Foddy,Devina,Tracey
Wederell,Rheba,Lynette
Kurdani,Dacie,Britte
Baffin,Shanon,Johannah
McCawley,Audy,Barb
Sorrel,Janette,Ede
O'Fallon,Vinnie,Dorine
Brushfield,Malvina,Barbey
Chamberlaine,Tarra,Gabbey
Ragg,Phebe,Daryn
Eles,Kylie,Georgianna
Tarrier,Elianore,Berenice
Shewring,Ros,Chrissy
Chetter,Terrye,Harlie
Coultar,Cynthy,Gilligan
Peaple,Sharai,Fedora
McQueen,Elfrida,Isabel
Dickings,Guglielma,Melisandra
Lorrain,Nananne,Ashly
Haggus,Janene,Viva
Kurth,Erda,Rosamond
Drewett,Valeda,Marylee
Headford,Charlotta,Sherrie
Esgate,Gilligan,Shoshana
Dilston,Glenda,Gunilla
Ouchterlony,Janaye,Ninette
Liverseege,Truda,Adel
Cathel,Timmy,Domini
Codd,Bettina,Cristionna
Jaram,Elianora,Joyce
Fagge,Emilee,Maryjo
Ridges,Moll,Bethanne
Laminman,Brinna,Jilleen
Gibke,Cynthia,Kirstin
Espy,Gretel,Virginie
Lomasney,Celine,Adriena
Margeram,Gerianne,Sidoney
Stavers,Paulina,Bambie
Ruddle,Jasmin,Dulcy
Cherrett,Sophia,Doralyn
Burgill,Claire,Jennee
Thecham,Barbee,Sarita
Bonfield,Auguste,Ardra
Ellett,Marga,Janeczka
Attril,Chrysa,Annaliese
Hartright,Sybille,Cathyleen
McGinty,Gilly,Wendeline
Neeson,Domeniga,Joelie
Harwell,Etty,Lina
Crossley,Daphene,Pattie
Stickles,Dionis,Rivalee
Kinane,Jocelyne,Nannette
Oxborrow,Merline,Marena
Pachmann,Shannah,Aundrea
Denne,Charmine,Ollie
Barosch,Marsiella,Frankie
Drewes,Rozanne,Nicoli
McMenemy,Leesa,Wandis
Shave,Nelly,Nichole
Lovekin,Iormina,Hali
Durkin,Chloris,Andriette
Brim,Jeniece,Modestine
Frango,Trixie,Madeleine
Pere,Clarinda,Delcine
Treppas,Melody,Brynn
Fullman,Barry,Tiffi
Kadar,Shandy,Ursala
Elcy,Aleta,Sib
Meddings,Mariam,Rubi
Hulkes,Ami,Dorian
Battersby,Jami,Evaleen
Pye,Mirna,Gratia
Rolf,Georgie,Odilia
Dow,Elisabetta,Eleonore
Radbone,Marlyn,Davida
Boyn,Fernande,Carmelle
Sneezem,Shandy,Rosalyn
Leith-Harvey,Pavla,Charisse
Volks,Anastassia,Corine
Forsyth,Shani,Eudora
Swallwell,Katya,Odelle
Savery,Bethena,Christiana
Donnell,Celie,Arlyn
Wenn,Cissy,Angy
Minifie,Merle,Margeaux
McBlain,Oriana,Agata
Celes,Peggie,Donni
Laurenty,Lacee,Myrtice
Ruf,Teresa,Misha
Wyeth,Merrie,Norma
McDade,Brittni,Meagan
Hearfield,Tabina,Sabine
Scurrell,Gae,Deanna
Feeney,Delcina,Ronni
Habbijam,Sharia,Shel
Thew,Stephana,Ferdinande
Woodland,Wendeline,Leigha
Fouch,Leoine,Felipa
Marshfield,Shirleen,Lebbie
Million,Alvera,Kissee
Cardero,Kayley,Fleur
Hallor,Effie,Ferdinande
Eltun,Kirbie,Jordana
Punshon,Bridie,Bibi
Georghiou,Faustina,Dorena
Ghio,Josephine,Agace
Poure,Ashlie,Ladonna
Pirri,Nessi,Virgina
Wilks,Celesta,Drusy
De Francisci,Clarie,Dolorita
Ends,Shandra,Georgina
Formby,Valene,Lin
Robiot,Donnamarie,Therese
Pionter,Gaylene,Maris
Matyasik,Corabelle,Isabelita
Batalini,Vyky,Corenda
Hoyes,Shana,Klarrisa
Drever,Genvieve,Fania
Pidgen,Meris,Helge
Rosewarne,Hinda,Pamelina
Farrent,Dorelia,Andria
Kinsey,Mariya,Rozalin
Riding,Betsey,Kirstyn
McParlin,Sib,Page
Tingle,Reba,Janene
Syres,Bernardina,Antonina
Pipe,Sydelle,Aleda
Copyn,Ailyn,Lorilyn
Flaxman,Cosette,Lizzie
Postles,Fidelity,Lavena
Singleton,Pammy,Ira
McDonand,Gnni,Maddy
Seeks,Milicent,Gnni
Kisbey,Feodora,Monique
Stamper,Joey,Krystyna
Bleckly,Ethyl,Rozalin
Barr,Gates,Morgen
Dyshart,Margi,Colline
Paoletto,Patsy,Crysta
Summerlad,Flori,Marlee
O'Moylan,Clerissa,Leoline
MacCaig,Blanche,Kelsi
Loren,Lonnie,Sissie
Josilevich,Bianca,Helaine
Rawls,Sela,Jaimie
Leal,Ilise,Jaynell
Danihelka,Yovonnda,Rodie
Bracknall,Alysia,Danita
Sorsbie,Vin,Marillin
Laurence,Florry,Scarlett
Morgon,Claudetta,Eugine
Jedrzejczak,Avis,Theresina
Sands-Allan,Corina,Charmaine
Inchboard,Livy,Hannie
Janak,Charmain,Elset
Lillywhite,Hildy,Vera
Crosland,Dori,Arlene
Rameau,Mia,Leta
Joll,Mufi,Annnora
Elce,Flori,Electra
Betterton,Odella,Verene
Bereford,Ermentrude,Ivett
Yewman,Melissa,Joey
Cromly,Latrina,Florencia
Geraudel,Elfreda,Hazel
Wimpenny,Thalia,Elnore
Lanfere,Coleen,Reina
Mathewson,Carrissa,Cornelia
Instock,Marla,Lynett
Lucey,Vivian,Cortney
Struther,Willetta,Blancha
Charlwood,Annissa,Belia
Ollett,Nonah,Susie
Bond,Daniele,Marcellina
Fassam,Quinn,Freddy
Ahearne,Enrichetta,Elonore
Larraway,Tawsha,Etta
Braunstein,Harlie,Cacilie
Mill,Anthea,Erda
Orbon,Di,Bride
Highman,Sheelagh,Wallie
Cattonnet,Clareta,Brynn
McAllister,Pattie,Hallie
Apfelmann,Karoline,Roshelle
Miko,Dell,Amargo
Paish,Gwyn,Genny
Barhams,Charlene,Magdalena
Bruntjen,Tera,Barby
De Michele,Hyacinthie,Vicky
Revening,Sidoney,Jaclin
Benedek,Kakalina,Hildegaard
Yesinin,Gilli,Debora
O'Regan,Vickie,Junina
Gian,Gerda,Idalia
Vesty,Betsey,Angie
Lenaghen,Johnna,Abigael
Gothrup,Elene,Samantha
Shippey,Viviene,Shawn
Eringey,Andra,Charissa
Godridge,Marsiella,Amberly
Gobert,Cherise,Flori
Emmet,Ingaborg,Marylou
McElmurray,Ariel,Anabal
Mallya,Samantha,Remy
Cholonin,Brena,Clari
Hardern,Binni,Colette
Rustich,Engracia,Alikee
Davidovicz,Jewel,Anica
Birchner,Quentin,Felicle
Naden,Cori,Laraine
Hackleton,Harriot,Melita
MacLaren,Renee,Doll
Goney,Jandy,Timothea
Pinwell,Ebba,Jasmina
Sagerson,Antoinette,Margit
Tallow,Bianca,Chryste
MacNucator,Glori,Ronica
Poppleston,Eadith,Teresita
Green,Felita,Rhoda
Kaiser,Kissee,Quintana
Harlow,Meridith,Dehlia
Cubbinelli,Lorie,Tildy
Treacher,Dennie,Hali
Hilhouse,Ailene,Fae
Biner,Kariotta,Zita
Denness,Sheena,Robbie
Sherringham,Waly,Karlotte
Pittem,Calypso,Angelina
Kobpal,Cordelie,Helyn
Walczynski,Fayth,Malena
Spurr,Britta,Lynnea
Sumers,Gilly,Cally
Pickaver,Vivienne,Caroline
Malmar,Kizzee,Tani
Geake,Lelia,Maurine
Farlham,Sarita,Molly
Schelle,Odella,Leanor
Croce,Nonah,Bea
Dory,Sande,Dawn
Peasegood,Heidi,Veradis
Somes,Kelci,Happy
Thursfield,Madelon,Jenifer
MacDiarmond,Billi,Kamila
Kristufek,Tabina,Sarina
Leap,Audry,Nonnah
Bevens,Rebekah,Kara
Tattersfield,Melony,Camel
Gladbeck,Freddy,Enrica
Abrahamowitcz,May,Georgie
Lingfoot,Florrie,Frankie
Spittal,Yolanda,Tera
Stoyle,Renae,Hildagarde
Houston,Andra,Luciana
Mitten,Issy,Shirline
Climpson,Emmalee,Josefa
Trimbey,Jeni,Christiane
Pateman,Kittie,Jena
Jessop,Kayla,Alanah
Leatherland,Karla,Lisabeth
Crumpe,Dotti,Georgette
Pidon,Gilli,Ola
Grinvalds,Magdalene,Melonie
Aimson,Natala,Athene
Dunkinson,Gaynor,Maegan
Nardrup,Maribelle,Dyan
Guillem,Vanny,Devonna
Chanter,Christan,Lynnea
Yosselevitch,Benita,Jillene
Spottiswoode,Merrily,Hedvige
Hadkins,Debra,Gilligan
Kislingbury,Ginevra,Patti
Laden,Fernanda,Deloris
